4.699564941406250000e+03,1.046690940856933594e-01
4.700021484375000000e+03,9.935074299573898315e-02
4.700478027343750000e+03,9.430870413780212402e-02
4.700934082031250000e+03,8.953415602445602417e-02
4.701390625000000000e+03,8.501820266246795654e-02
4.701847167968750000e+03,8.075191825628280640e-02
4.702304199218750000e+03,7.672639936208724976e-02
4.702760742187500000e+03,7.293275743722915649e-02
4.703217285156250000e+03,6.936215609312057495e-02
4.703673828125000000e+03,6.600582599639892578e-02
4.704130859375000000e+03,6.285507977008819580e-02
4.704587402343750000e+03,5.990136042237281799e-02
4.705044433593750000e+03,5.713623389601707458e-02
4.705501464843750000e+03,5.455139651894569397e-02
4.705958496093750000e+03,5.213869735598564148e-02
4.706415527343750000e+03,4.989018291234970093e-02
4.706872558593750000e+03,4.779803752899169922e-02
4.707329589843750000e+03,4.585464671254158020e-02
4.707786621093750000e+03,4.405261203646659851e-02
4.708243652343750000e+03,4.238469898700714111e-02
4.708701171875000000e+03,4.084391146898269653e-02
4.709158203125000000e+03,3.942344337701797485e-02
4.709615722656250000e+03,3.811671584844589233e-02
4.710072753906250000e+03,3.691735863685607910e-02
4.710530273437500000e+03,3.581922128796577454e-02
4.710987792968750000e+03,3.481635823845863342e-02
4.711445312500000000e+03,3.390306606888771057e-02
4.711902832031250000e+03,3.307383134961128235e-02
4.712360351562500000e+03,3.232337161898612976e-02
4.712817871093750000e+03,3.164661303162574768e-02
4.713275390625000000e+03,3.103868290781974792e-02
4.713733398437500000e+03,3.049491532146930695e-02
4.714190917968750000e+03,3.001085296273231506e-02
4.714648925781250000e+03,2.958222851157188416e-02
4.715106445312500000e+03,2.920497395098209381e-02
4.715564453125000000e+03,2.887520007789134979e-02
4.716022460937500000e+03,2.858920767903327942e-02
4.716480468750000000e+03,2.834348194301128387e-02
4.716938476562500000e+03,2.813467383384704590e-02
4.717396484375000000e+03,2.795959636569023132e-02
4.717854492187500000e+03,2.781523950397968292e-02
4.718312500000000000e+03,2.769874222576618195e-02
4.718770996093750000e+03,2.760740183293819427e-02
4.719229003906250000e+03,2.753865346312522888e-02
4.719687500000000000e+03,2.749008685350418091e-02
4.720145996093750000e+03,2.745942026376724243e-02
4.720604003906250000e+03,2.744450606405735016e-02
4.721062500000000000e+03,2.744332887232303619e-02
4.721520996093750000e+03,2.745398879051208496e-02
4.721979492187500000e+03,2.747471258044242859e-02
4.722437988281250000e+03,2.750383317470550537e-02
4.722896484375000000e+03,2.753979526460170746e-02
4.723355468750000000e+03,2.758115343749523163e-02
4.723813964843750000e+03,2.762655727565288544e-02
4.724272460937500000e+03,2.767475694417953491e-02
4.724731445312500000e+03,2.772459201514720917e-02
4.725190429687500000e+03,2.777500078082084656e-02
4.725648925781250000e+03,2.782499417662620544e-02
4.726107910156250000e+03,2.787368558347225189e-02
4.726566894531250000e+03,2.792024239897727966e-02
4.727025878906250000e+03,2.796393446624279022e-02
4.727484863281250000e+03,2.800408191978931427e-02
4.727944335937500000e+03,2.804009243845939636e-02
4.728403320312500000e+03,2.807143144309520721e-02
4.728862304687500000e+03,2.809763513505458832e-02
4.729321777343750000e+03,2.811829373240470886e-02
4.729780761718750000e+03,2.813306078314781189e-02
4.730240234375000000e+03,2.814165130257606506e-02
4.730699707031250000e+03,2.814382314682006836e-02
4.731159179687500000e+03,2.813939191401004791e-02
4.731618164062500000e+03,2.812822163105010986e-02
4.732077636718750000e+03,2.811022847890853882e-02
4.732537597656250000e+03,2.808535285294055939e-02
4.732997070312500000e+03,2.805360406637191772e-02
4.733456542968750000e+03,2.801501378417015076e-02
4.733916503906250000e+03,2.796964719891548157e-02
4.734375976562500000e+03,2.791761793196201324e-02
4.734835937500000000e+03,2.785906195640563965e-02
4.735295410156250000e+03,2.779414877295494080e-02
4.735755371093750000e+03,2.772307395935058594e-02
4.736215332031250000e+03,2.764606103301048279e-02
4.736675292968750000e+03,2.756335958838462830e-02
4.737135253906250000e+03,2.747523225843906403e-02
4.737595214843750000e+03,2.738196775317192078e-02
4.738055175781250000e+03,2.728386968374252319e-02
4.738515136718750000e+03,2.718125656247138977e-02
4.738975585937500000e+03,2.707446180284023285e-02
4.739435546875000000e+03,2.696382626891136169e-02
4.739895996093750000e+03,2.684970013797283173e-02
4.740356445312500000e+03,2.673244662582874298e-02
4.740816406250000000e+03,2.661242522299289703e-02
4.741276855468750000e+03,2.649000659584999084e-02
4.741737304687500000e+03,2.636555582284927368e-02
4.742197753906250000e+03,2.623944170773029327e-02
4.742658203125000000e+03,2.611203305423259735e-02
4.743119140625000000e+03,2.598368749022483826e-02
4.743579589843750000e+03,2.585477009415626526e-02
4.744040039062500000e+03,2.573463693261146545e-02
4.744500976562500000e+03,2.560647204518318176e-02
4.744961425781250000e+03,2.547883428633213043e-02
4.745422363281250000e+03,2.535205148160457611e-02
4.745883300781250000e+03,2.522645331919193268e-02
4.746344238281250000e+03,2.510233223438262939e-02
4.746805175781250000e+03,2.497998811304569244e-02
4.747266113281250000e+03,2.485970035195350647e-02
4.747727050781250000e+03,2.474172413349151611e-02
4.748187988281250000e+03,2.462631277740001678e-02
4.748648925781250000e+03,2.451369725167751312e-02
4.749110351562500000e+03,2.440409176051616669e-02
4.749571289062500000e+03,2.429769374430179596e-02
4.750032714843750000e+03,2.419468201696872711e-02
4.750494140625000000e+03,2.409522049129009247e-02
4.750955078125000000e+03,2.399944886565208435e-02
4.751416503906250000e+03,2.390749938786029816e-02
4.751877929687500000e+03,2.381947450339794159e-02
4.752339355468750000e+03,2.373546734452247620e-02
4.752800781250000000e+03,2.365555427968502045e-02
4.753262695312500000e+03,2.357978373765945435e-02
4.753724121093750000e+03,2.350819855928421021e-02
4.754185546875000000e+03,2.344081923365592957e-02
4.754647460937500000e+03,2.337765321135520935e-02
4.755108886718750000e+03,2.331869304180145264e-02
4.755570800781250000e+03,2.326391078531742096e-02
4.756032714843750000e+03,2.321327291429042816e-02
4.756494628906250000e+03,2.316672354936599731e-02
4.756956542968750000e+03,2.312420308589935303e-02
4.757418457031250000e+03,2.308563888072967529e-02
4.757880371093750000e+03,2.305094152688980103e-02
4.758342285156250000e+03,2.302002161741256714e-02
4.758804687500000000e+03,2.299277111887931824e-02
4.759266601562500000e+03,2.296908199787139893e-02
4.759729003906250000e+03,2.294883877038955688e-02
4.760190917968750000e+03,2.293192036449909210e-02
4.760653320312500000e+03,2.291819453239440918e-02
4.761115722656250000e+03,2.290754206478595734e-02
4.761578125000000000e+03,2.289982512593269348e-02
4.762040527343750000e+03,2.289491891860961914e-02
4.762502929687500000e+03,2.289268746972084045e-02
4.762965332031250000e+03,2.289300970733165741e-02
4.763427734375000000e+03,2.289575710892677307e-02
4.763890136718750000e+03,2.290080860257148743e-02
4.764353027343750000e+03,2.290805056691169739e-02
4.764815429687500000e+03,2.291737496852874756e-02
4.765278320312500000e+03,2.292868867516517639e-02
4.765741210937500000e+03,2.294189110398292542e-02
4.766204101562500000e+03,2.295691147446632385e-02
4.766666503906250000e+03,2.297367900609970093e-02
4.767129394531250000e+03,2.299213781952857971e-02
4.767592773437500000e+03,2.301224879920482635e-02
4.768055664062500000e+03,2.303398400545120239e-02
4.768518554687500000e+03,2.305733785033226013e-02
4.768981445312500000e+03,2.308231592178344727e-02
4.769444824218750000e+03,2.310894615948200226e-02
4.769907714843750000e+03,2.313727326691150665e-02
4.770371093750000000e+03,2.316736802458763123e-02
4.770834472656250000e+03,2.319931425154209137e-02
4.771297851562500000e+03,2.323322370648384094e-02
4.771760742187500000e+03,2.326923608779907227e-02
4.772224121093750000e+03,2.330750413239002228e-02
4.772687988281250000e+03,2.334821410477161407e-02
4.773151367187500000e+03,2.339158020913600922e-02
4.773614746093750000e+03,2.343783527612686157e-02
4.774078125000000000e+03,2.348725125193595886e-02
4.774541992187500000e+03,2.354011498391628265e-02
4.775005371093750000e+03,2.359675243496894836e-02
4.775469238281250000e+03,2.365752123296260834e-02
4.775933105468750000e+03,2.372280508279800415e-02
4.776396972656250000e+03,2.379302121698856354e-02
4.776860839843750000e+03,2.386861294507980347e-02
4.777324707031250000e+03,2.395007200539112091e-02
4.777788574218750000e+03,2.403790317475795746e-02
4.778252441406250000e+03,2.413266338407993317e-02
4.778716308593750000e+03,2.423493377864360809e-02
4.779180664062500000e+03,2.434533648192882538e-02
4.779644531250000000e+03,2.446452341973781586e-02
4.780108886718750000e+03,2.459318563342094421e-02
4.780572753906250000e+03,2.473205327987670898e-02
4.781037109375000000e+03,2.488189190626144409e-02
4.781501464843750000e+03,2.504349499940872192e-02
4.781965820312500000e+03,2.521771378815174103e-02
4.782430175781250000e+03,2.540541999042034149e-02
4.782894531250000000e+03,2.560753375291824341e-02
4.783358886718750000e+03,2.582500502467155457e-02
4.783823730468750000e+03,2.605883218348026276e-02
4.784288085937500000e+03,2.631004713475704193e-02
4.784752929687500000e+03,2.657972276210784912e-02
4.785217285156250000e+03,2.686897106468677521e-02
4.785682128906250000e+03,2.717894501984119415e-02
4.786146972656250000e+03,2.751083299517631531e-02
4.786611816406250000e+03,2.786587178707122803e-02
4.787076171875000000e+03,2.824533171951770782e-02
4.787541503906250000e+03,2.865052036941051483e-02
4.788006347656250000e+03,2.908279187977313995e-02
4.788471191406250000e+03,2.954353764653205872e-02
4.788936035156250000e+03,3.003418631851673126e-02
4.789401367187500000e+03,3.055621124804019928e-02
4.789866210937500000e+03,3.111112304031848907e-02
4.790331542968750000e+03,3.170046582818031311e-02
4.790796386718750000e+03,3.232583031058311462e-02
4.791261718750000000e+03,3.298883885145187378e-02
4.791727050781250000e+03,3.369116410613059998e-02
4.792192382812500000e+03,3.443450480699539185e-02
4.792657714843750000e+03,3.522058948874473572e-02
4.793123046875000000e+03,3.605120629072189331e-02
4.793588867187500000e+03,3.692816942930221558e-02
4.794054199218750000e+03,3.785331547260284424e-02
4.794519531250000000e+03,3.882852569222450256e-02
4.794985351562500000e+03,3.985572606325149536e-02
4.795451171875000000e+03,4.093685001134872437e-02
4.795916503906250000e+03,4.207388311624526978e-02
4.796382324218750000e+03,4.326884448528289795e-02
4.796848144531250000e+03,4.452376067638397217e-02
4.797313964843750000e+03,4.584070667624473572e-02
4.797779785156250000e+03,4.722177237272262573e-02
4.798245605468750000e+03,4.866908118128776550e-02
4.798711914062500000e+03,5.018477886915206909e-02
4.799177734375000000e+03,5.177102610468864441e-02
4.799643554687500000e+03,5.343001335859298706e-02
4.800109863281250000e+03,5.516394972801208496e-02
4.800576171875000000e+03,5.697504803538322449e-02
4.801041992187500000e+03,5.886555463075637817e-02
4.801508300781250000e+03,6.083770468831062317e-02
4.801974609375000000e+03,6.289377063512802124e-02
4.802440917968750000e+03,6.503601372241973877e-02
4.802907226562500000e+03,6.726671010255813599e-02
4.803373535156250000e+03,6.958811730146408081e-02
4.803840332031250000e+03,7.200252264738082886e-02
4.804306640625000000e+03,7.451219111680984497e-02
4.804773437500000000e+03,7.711938023567199707e-02
4.805239746093750000e+03,7.983717322349548340e-02
4.805706542968750000e+03,8.264885842800140381e-02
4.806173339843750000e+03,8.556541800498962402e-02
4.806639648437500000e+03,8.858917653560638428e-02
4.807106445312500000e+03,9.172250330448150635e-02
4.807573242187500000e+03,9.496770054101943970e-02
4.808040527343750000e+03,9.832715243101119995e-02
4.808507324218750000e+03,1.018032059073448181e-01
4.808974121093750000e+03,1.053982153534889221e-01
4.809441406250000000e+03,1.091145798563957214e-01
4.809908203125000000e+03,1.129546612501144409e-01
4.810375488281250000e+03,1.169209107756614685e-01
4.810842285156250000e+03,1.210157647728919983e-01
4.811309570312500000e+03,1.252416968345642090e-01
4.811776855468750000e+03,1.296012401580810547e-01
4.812244140625000000e+03,1.340969949960708618e-01
4.812711425781250000e+03,1.387315839529037476e-01
4.813178710937500000e+03,1.435077488422393799e-01
4.813645996093750000e+03,1.484282910823822021e-01
4.814113769531250000e+03,1.534961611032485962e-01
4.814581054687500000e+03,1.587143987417221069e-01
4.815048828125000000e+03,1.640861779451370239e-01
4.815516113281250000e+03,1.696148514747619629e-01
4.815983886718750000e+03,1.753039211034774780e-01
4.816451660156250000e+03,1.811571121215820312e-01
4.816919433593750000e+03,1.871783882379531860e-01
4.817387207031250000e+03,1.933718323707580566e-01
4.817854980468750000e+03,1.997418999671936035e-01
4.818322753906250000e+03,2.062932401895523071e-01
4.818790527343750000e+03,2.130308002233505249e-01
4.819258789062500000e+03,2.199598699808120728e-01
4.819726562500000000e+03,2.270859330892562866e-01
4.820194824218750000e+03,2.344149053096771240e-01
4.820662597656250000e+03,2.419529110193252563e-01
4.821130859375000000e+03,2.497064173221588135e-01
4.821599121093750000e+03,2.576822042465209961e-01
4.822067382812500000e+03,2.658873200416564941e-01
4.822535644531250000e+03,2.743290066719055176e-01
4.823003906250000000e+03,2.830148041248321533e-01
4.823472167968750000e+03,2.919523119926452637e-01
4.823940429687500000e+03,3.011494278907775879e-01
4.824409179687500000e+03,3.106138110160827637e-01
4.824877441406250000e+03,3.203534185886383057e-01
4.825346191406250000e+03,3.303758203983306885e-01
4.825814453125000000e+03,3.406884670257568359e-01
4.826283203125000000e+03,3.512985110282897949e-01
4.826751953125000000e+03,3.622126579284667969e-01
4.827220703125000000e+03,3.734368681907653809e-01
4.827689453125000000e+03,3.849765360355377197e-01
4.828158203125000000e+03,3.968360722064971924e-01
4.828626953125000000e+03,4.090188741683959961e-01
4.829096191406250000e+03,4.215271174907684326e-01
4.829564941406250000e+03,4.343614876270294189e-01
4.830034179687500000e+03,4.475212991237640381e-01
4.830502929687500000e+03,4.610039591789245605e-01
4.830972167968750000e+03,4.748050272464752197e-01
4.831441406250000000e+03,4.889180660247802734e-01
4.831910644531250000e+03,5.033343434333801270e-01
4.832379882812500000e+03,5.180428028106689453e-01
4.832849121093750000e+03,5.330299735069274902e-01
4.833318359375000000e+03,5.482797622680664062e-01
4.833787597656250000e+03,5.637735128402709961e-01
4.834256835937500000e+03,5.794897675514221191e-01
4.834726562500000000e+03,5.954045653343200684e-01
4.835195800781250000e+03,6.114911437034606934e-01
4.835665527343750000e+03,6.277198791503906250e-01
4.836135253906250000e+03,6.440591216087341309e-01
4.836604980468750000e+03,6.604744791984558105e-01
4.837074218750000000e+03,6.769290566444396973e-01
4.837543945312500000e+03,6.933842897415161133e-01
4.838014160156250000e+03,7.097995281219482422e-01
4.838483886718750000e+03,7.261326909065246582e-01
4.838953613281250000e+03,7.423403263092041016e-01
4.839423339843750000e+03,7.583778500556945801e-01
4.839893554687500000e+03,7.742004394531250000e-01
4.840363281250000000e+03,7.897627353668212891e-01
4.840833496093750000e+03,8.050196766853332520e-01
4.841303710937500000e+03,8.199267387390136719e-01
4.841773925781250000e+03,8.344402909278869629e-01
4.842244140625000000e+03,8.485180735588073730e-01
4.842714355468750000e+03,8.621198534965515137e-01
4.843184570312500000e+03,8.752072453498840332e-01
4.843654785156250000e+03,8.877444863319396973e-01
4.844125000000000000e+03,8.996987938880920410e-01
4.844595703125000000e+03,9.110403060913085938e-01
4.845065917968750000e+03,9.217430353164672852e-01
4.845536621093750000e+03,9.317844510078430176e-01
4.846006835937500000e+03,9.411458373069763184e-01
4.846477539062500000e+03,9.498127102851867676e-01
4.846948242187500000e+03,9.577746391296386719e-01
4.847418945312500000e+03,9.650254249572753906e-01
4.847889648437500000e+03,9.715629816055297852e-01
4.848360351562500000e+03,9.773893952369689941e-01
4.848831054687500000e+03,9.825109243392944336e-01
4.849302246093750000e+03,9.869372844696044922e-01
4.849772949218750000e+03,9.906823635101318359e-01
4.850244140625000000e+03,9.937631487846374512e-01
4.850714843750000000e+03,9.961997270584106445e-01
4.851186035156250000e+03,9.980151653289794922e-01
4.851657226562500000e+03,9.992349743843078613e-01
4.852128417968750000e+03,9.998868107795715332e-01
4.852599609375000000e+03,1.000000000000000000e+00
4.853070800781250000e+03,9.996054172515869141e-01
4.853541992187500000e+03,9.987345933914184570e-01
4.854013183593750000e+03,9.974200129508972168e-01
4.854484863281250000e+03,9.956941604614257812e-01
4.854956054687500000e+03,9.935894608497619629e-01
4.855427734375000000e+03,9.911378622055053711e-01
4.855898925781250000e+03,9.883704185485839844e-01
4.856370605468750000e+03,9.853172898292541504e-01
4.856842285156250000e+03,9.820071458816528320e-01
4.857313964843750000e+03,9.784671068191528320e-01
4.857785644531250000e+03,9.747225046157836914e-01
4.858257324218750000e+03,9.707969427108764648e-01
4.858729003906250000e+03,9.667116403579711914e-01
4.859200683593750000e+03,9.624861478805541992e-01
4.859672851562500000e+03,9.581373929977416992e-01
4.860144531250000000e+03,9.536804556846618652e-01
4.860616699218750000e+03,9.491280317306518555e-01
4.861088867187500000e+03,9.444909095764160156e-01
4.861560546875000000e+03,9.397776126861572266e-01
4.862032714843750000e+03,9.349948763847351074e-01
4.862504882812500000e+03,9.301474094390869141e-01
4.862977050781250000e+03,9.252384305000305176e-01
4.863449218750000000e+03,9.202695488929748535e-01
4.863921875000000000e+03,9.152408242225646973e-01
4.864394042968750000e+03,9.101511836051940918e-01
4.864866210937500000e+03,9.049985408782958984e-01
4.865338867187500000e+03,8.997797966003417969e-01
4.865811523437500000e+03,8.944913148880004883e-01
4.866283691406250000e+03,8.891284465789794922e-01
4.866756347656250000e+03,8.836866021156311035e-01
4.867229003906250000e+03,8.781607151031494141e-01
4.867701660156250000e+03,8.725456595420837402e-01
4.868174316406250000e+03,8.668360710144042969e-01
4.868646972656250000e+03,8.610270619392395020e-01
4.869120117187500000e+03,8.551138043403625488e-01
4.869592773437500000e+03,8.490916490554809570e-01
4.870065429687500000e+03,8.429566025733947754e-01
4.870538574218750000e+03,8.367049694061279297e-01
4.871011718750000000e+03,8.303336501121520996e-01
4.871484375000000000e+03,8.238399624824523926e-01
4.871957519531250000e+03,8.172219991683959961e-01
4.872430664062500000e+03,8.104784488677978516e-01
4.872903808593750000e+03,8.036085367202758789e-01
4.873376953125000000e+03,7.966122627258300781e-01
4.873850585937500000e+03,7.894900441169738770e-01
4.874323730468750000e+03,7.822431325912475586e-01
4.874796875000000000e+03,7.748733162879943848e-01
4.875270507812500000e+03,7.673828601837158203e-01
4.875743652343750000e+03,7.597748041152954102e-01
4.876217285156250000e+03,7.520524859428405762e-01
4.876690917968750000e+03,7.442198395729064941e-01
4.877164550781250000e+03,7.362812757492065430e-01
4.877638183593750000e+03,7.282416224479675293e-01
4.878111816406250000e+03,7.201060056686401367e-01
4.878585449218750000e+03,7.118800878524780273e-01
4.879059082031250000e+03,7.035696506500244141e-01
4.879532714843750000e+03,6.951808333396911621e-01
4.880006835937500000e+03,6.867199540138244629e-01
4.880480468750000000e+03,6.781936883926391602e-01
4.880954589843750000e+03,6.696085929870605469e-01
4.881428710937500000e+03,6.609717607498168945e-01
4.881902832031250000e+03,6.522899270057678223e-01
4.882376953125000000e+03,6.435703039169311523e-01
4.882851074218750000e+03,6.348198652267456055e-01
4.883325195312500000e+03,6.260457634925842285e-01
4.883799316406250000e+03,6.172550916671752930e-01
4.884273437500000000e+03,6.084550023078918457e-01
4.884748046875000000e+03,5.996523499488830566e-01
4.885222167968750000e+03,5.908541083335876465e-01
4.885696777343750000e+03,5.820673108100891113e-01
4.886170898437500000e+03,5.732985138893127441e-01
4.886645507812500000e+03,5.645543932914733887e-01
4.887120117187500000e+03,5.558415055274963379e-01
4.887594726562500000e+03,5.471660494804382324e-01
4.888069335937500000e+03,5.385342240333557129e-01
4.888543945312500000e+03,5.299521684646606445e-01
4.889018554687500000e+03,5.214181542396545410e-01
4.889493652343750000e+03,5.129541754722595215e-01
4.889968261718750000e+03,5.045563578605651855e-01
4.890443359375000000e+03,4.962300062179565430e-01
4.890917968750000000e+03,4.879802167415618896e-01
4.891393066406250000e+03,4.798116981983184814e-01
4.891868164062500000e+03,4.717290699481964111e-01
4.892343261718750000e+03,4.637367427349090576e-01
4.892818359375000000e+03,4.558387398719787598e-01
4.893293457031250000e+03,4.480389058589935303e-01
4.893768554687500000e+03,4.403409063816070557e-01
4.894243652343750000e+03,4.327481687068939209e-01
4.894718750000000000e+03,4.252638220787048340e-01
4.895194335937500000e+03,4.178906977176666260e-01
4.895669433593750000e+03,4.106315672397613525e-01
4.896145019531250000e+03,4.034887254238128662e-01
4.896620605468750000e+03,3.964644372463226318e-01
4.897096191406250000e+03,3.895606398582458496e-01
4.897571777343750000e+03,3.827790617942810059e-01
4.898047363281250000e+03,3.761212229728698730e-01
4.898522949218750000e+03,3.695883154869079590e-01
4.898998535156250000e+03,3.631813824176788330e-01
4.899474121093750000e+03,3.569013178348541260e-01
4.899950195312500000e+03,3.507485985755920410e-01
4.900425781250000000e+03,3.447237014770507812e-01
4.900901855468750000e+03,3.388268351554870605e-01
4.901377929687500000e+03,3.330579102039337158e-01
4.901853515625000000e+03,3.274167776107788086e-01
4.902329589843750000e+03,3.219029903411865234e-01
4.902805664062500000e+03,3.165160417556762695e-01
4.903281738281250000e+03,3.112550675868988037e-01
4.903757812500000000e+03,3.061192631721496582e-01
4.904234375000000000e+03,3.011074960231781006e-01
4.904710449218750000e+03,2.962184548377990723e-01
4.905186523437500000e+03,2.914507985115051270e-01
4.905663085937500000e+03,2.868030071258544922e-01
4.906139648437500000e+03,2.822733521461486816e-01
4.906615722656250000e+03,2.778600752353668213e-01
4.907092285156250000e+03,2.735612690448760986e-01
4.907568847656250000e+03,2.693748772144317627e-01
4.908045410156250000e+03,2.652987539768218994e-01
4.908521972656250000e+03,2.613306343555450439e-01
4.908998535156250000e+03,2.574682831764221191e-01
4.909475585937500000e+03,2.537091970443725586e-01
4.909952148437500000e+03,2.500509619712829590e-01
4.910429199218750000e+03,2.464909702539443970e-01
4.910905761718750000e+03,2.430266439914703369e-01
4.911382812500000000e+03,2.396553009748458862e-01
4.911859863281250000e+03,2.363742142915725708e-01
4.912336914062500000e+03,2.331806719303131104e-01
4.912813964843750000e+03,2.300718575716018677e-01
4.913291015625000000e+03,2.270450294017791748e-01
4.913768066406250000e+03,2.240973114967346191e-01
4.914245117187500000e+03,2.212258279323577881e-01
4.914722167968750000e+03,2.184278219938278198e-01
4.915199707031250000e+03,2.157004028558731079e-01
4.915676757812500000e+03,2.130407541990280151e-01
4.916154296875000000e+03,2.104460597038269043e-01
4.916631835937500000e+03,2.079135328531265259e-01
4.917109375000000000e+03,2.054403722286224365e-01
4.917586425781250000e+03,2.030238658189773560e-01
4.918063964843750000e+03,2.006612718105316162e-01
4.918541992187500000e+03,1.983499377965927124e-01
4.919019531250000000e+03,1.960872262716293335e-01
4.919497070312500000e+03,1.938705742359161377e-01
4.919974609375000000e+03,1.916974633932113647e-01
4.920452636718750000e+03,1.895654201507568359e-01
4.920930175781250000e+03,1.874720454216003418e-01
4.921408203125000000e+03,1.854149997234344482e-01
4.921886230468750000e+03,1.833919733762741089e-01
4.922364257812500000e+03,1.814008057117462158e-01
4.922842285156250000e+03,1.794393360614776611e-01
4.923320312500000000e+03,1.775054931640625000e-01
4.923798339843750000e+03,1.755973845720291138e-01
4.924276367187500000e+03,1.737129986286163330e-01
4.924754882812500000e+03,1.718505620956420898e-01
4.925232910156250000e+03,1.700083613395690918e-01
4.925711425781250000e+03,1.681847423315048218e-01
4.926189453125000000e+03,1.663780659437179565e-01
4.926667968750000000e+03,1.645869612693786621e-01
4.927146484375000000e+03,1.628099530935287476e-01
4.927625000000000000e+03,1.610457599163055420e-01
4.928103515625000000e+03,1.592931598424911499e-01
4.928582031250000000e+03,1.575510203838348389e-01
4.929060546875000000e+03,1.558182984590530396e-01
4.929539062500000000e+03,1.540940254926681519e-01
4.930018066406250000e+03,1.523773372173309326e-01
4.930496582031250000e+03,1.506674289703369141e-01
4.930975585937500000e+03,1.489636301994323730e-01
4.931454101562500000e+03,1.472652703523635864e-01
4.931933105468750000e+03,1.455718427896499634e-01
4.932412109375000000e+03,1.438829302787780762e-01
4.932891113281250000e+03,1.421981006860733032e-01
4.933370117187500000e+03,1.405170559883117676e-01
4.933849121093750000e+03,1.388395875692367554e-01
4.934328125000000000e+03,1.371655464172363281e-01
4.934807617187500000e+03,1.354948729276657104e-01
4.935286621093750000e+03,1.338275372982025146e-01
4.935766113281250000e+03,1.321636289358139038e-01
4.936245117187500000e+03,1.305032819509506226e-01
4.936724609375000000e+03,1.288466602563858032e-01
4.937204101562500000e+03,1.271940469741821289e-01
4.937683593750000000e+03,1.255457550287246704e-01
4.938163085937500000e+03,1.239021569490432739e-01
4.938642578125000000e+03,1.222636923193931580e-01
4.939122070312500000e+03,1.206308305263519287e-01
4.939601562500000000e+03,1.190041229128837585e-01
4.940081542968750000e+03,1.173841282725334167e-01
4.940561035156250000e+03,1.157714873552322388e-01
4.941041015625000000e+03,1.141668707132339478e-01
4.941520507812500000e+03,1.125709861516952515e-01
4.942000488281250000e+03,1.109845787286758423e-01
4.942480468750000000e+03,1.094084307551383972e-01
4.942960449218750000e+03,1.078433543443679810e-01
4.943440429687500000e+03,1.062901988625526428e-01
4.943920410156250000e+03,1.047498509287834167e-01
4.944400878906250000e+03,1.032231822609901428e-01
4.944880859375000000e+03,1.017111167311668396e-01
4.945360839843750000e+03,1.002146229147911072e-01
4.945841308593750000e+03,9.873464703559875488e-02
4.946321289062500000e+03,9.727215766906738281e-02
4.946801757812500000e+03,9.582814574241638184e-02
4.947282226562500000e+03,9.440362453460693359e-02
4.947762695312500000e+03,9.299960732460021973e-02
4.948243164062500000e+03,9.161709994077682495e-02
4.948723632812500000e+03,9.025714546442031860e-02
4.949204101562500000e+03,8.892076462507247925e-02
4.949685058593750000e+03,8.760898560285568237e-02
4.950165527343750000e+03,8.632283657789230347e-02
4.950645996093750000e+03,8.506335318088531494e-02
4.951126953125000000e+03,8.383154869079589844e-02
4.951607910156250000e+03,8.262845873832702637e-02
4.952088378906250000e+03,8.145508170127868652e-02
4.952569335937500000e+03,8.031244575977325439e-02
4.953050292968750000e+03,7.920151203870773315e-02
4.953531250000000000e+03,7.812326401472091675e-02
4.954012695312500000e+03,7.707870006561279297e-02
4.954493652343750000e+03,7.606874406337738037e-02
4.954974609375000000e+03,7.509434223175048828e-02
4.955456054687500000e+03,7.415642589330673218e-02
4.955937011718750000e+03,7.325587421655654907e-02
4.956418457031250000e+03,7.239358872175216675e-02
4.956899902343750000e+03,7.157043367624282837e-02
4.957380859375000000e+03,7.078724354505538940e-02
4.957862304687500000e+03,7.004483044147491455e-02
4.958343750000000000e+03,6.934399157762527466e-02
4.958825195312500000e+03,6.868549436330795288e-02
4.959307128906250000e+03,6.807008385658264160e-02
4.959788574218750000e+03,6.749845296144485474e-02
4.960270019531250000e+03,6.697132438421249390e-02
4.960751953125000000e+03,6.648933142423629761e-02
4.961233398437500000e+03,6.605311483144760132e-02
4.961715332031250000e+03,6.566327810287475586e-02
4.962197265625000000e+03,6.532036513090133667e-02
4.962679199218750000e+03,6.502492725849151611e-02
4.963161132812500000e+03,6.477746367454528809e-02
4.963643066406250000e+03,6.457845866680145264e-02
4.964125000000000000e+03,6.442831456661224365e-02
4.964606933593750000e+03,6.432746350765228271e-02
4.965089355468750000e+03,6.427624821662902832e-02
4.965571289062500000e+03,6.427501142024993896e-02
4.966053710937500000e+03,6.432404369115829468e-02
4.966535644531250000e+03,6.442357599735260010e-02
4.967018066406250000e+03,6.457385420799255371e-02
4.967500488281250000e+03,6.477504223585128784e-02
4.967982910156250000e+03,6.502728909254074097e-02
4.968465332031250000e+03,6.533066928386688232e-02
4.968947753906250000e+03,6.568526476621627808e-02
4.969430175781250000e+03,6.609107553958892822e-02
4.969913085937500000e+03,6.654809415340423584e-02
4.970395507812500000e+03,6.705623865127563477e-02
4.970877929687500000e+03,6.761541962623596191e-02
4.971360839843750000e+03,6.822545826435089111e-02
4.971843750000000000e+03,6.888617575168609619e-02
4.972326660156250000e+03,6.959734112024307251e-02
4.972809082031250000e+03,7.035865634679794312e-02
4.973291992187500000e+03,7.116980105638504028e-02
4.973775390625000000e+03,7.203041762113571167e-02
4.974258300781250000e+03,7.294007390737533569e-02
4.974741210937500000e+03,7.389829307794570923e-02
4.975224121093750000e+03,7.490461319684982300e-02
4.975707519531250000e+03,7.595843821763992310e-02
4.976190429687500000e+03,7.705919444561004639e-02
4.976673828125000000e+03,7.820623368024826050e-02
4.977157226562500000e+03,7.939885556697845459e-02
4.977640625000000000e+03,8.063633739948272705e-02
4.978124023437500000e+03,8.191787451505661011e-02
4.978607421875000000e+03,8.324266970157623291e-02
4.979090820312500000e+03,8.460980653762817383e-02
4.979574218750000000e+03,8.601841330528259277e-02
4.980057617187500000e+03,8.746747672557830811e-02
4.980541503906250000e+03,8.895602077245712280e-02
4.981024902343750000e+03,9.047408401966094971e-02
4.981508789062500000e+03,9.203910082578659058e-02
4.981992675781250000e+03,9.364022314548492432e-02
4.982476562500000000e+03,9.527625888586044312e-02
4.982960449218750000e+03,9.694596379995346069e-02
4.983444335937500000e+03,9.864808619022369385e-02
4.983928222656250000e+03,1.003812849521636963e-01
4.984412109375000000e+03,1.021442338824272156e-01
4.984895996093750000e+03,1.039355173707008362e-01
4.985380371093750000e+03,1.057536974549293518e-01
4.985864257812500000e+03,1.075972914695739746e-01
4.986348632812500000e+03,1.094648018479347229e-01
4.986832519531250000e+03,1.113546639680862427e-01
4.987316894531250000e+03,1.132652908563613892e-01
4.987801269531250000e+03,1.151950582861900330e-01
4.988285644531250000e+03,1.171423122286796570e-01
4.988770019531250000e+03,1.191053539514541626e-01
4.989254394531250000e+03,1.210824772715568542e-01
4.989738769531250000e+03,1.230719164013862610e-01
4.990223632812500000e+03,1.250719279050827026e-01
4.990708007812500000e+03,1.270806491374969482e-01
4.991192871093750000e+03,1.290963292121887207e-01
4.991677246093750000e+03,1.311170458793640137e-01
4.992162109375000000e+03,1.331409960985183716e-01
4.992646972656250000e+03,1.351662278175354004e-01
4.993131835937500000e+03,1.371908634901046753e-01
4.993616699218750000e+03,1.392129808664321899e-01
4.994101562500000000e+03,1.412306427955627441e-01
4.994586425781250000e+03,1.432418823242187500e-01
4.995071777343750000e+03,1.452447772026062012e-01
4.995556640625000000e+03,1.472373455762863159e-01
4.996041992187500000e+03,1.492176353931427002e-01
4.996526855468750000e+03,1.511836796998977661e-01
4.997012207031250000e+03,1.531334817409515381e-01
4.997497558593750000e+03,1.550650894641876221e-01
4.997982910156250000e+03,1.569765657186508179e-01
4.998468261718750000e+03,1.588659435510635376e-01
4.998953613281250000e+03,1.607312858104705811e-01
4.999438964843750000e+03,1.625706255435943604e-01
4.999924316406250000e+03,1.643820852041244507e-01
5.000410156250000000e+03,1.661637574434280396e-01
5.000895507812500000e+03,1.679137796163558960e-01
5.001381347656250000e+03,1.696302592754364014e-01
5.001866699218750000e+03,1.713114231824874878e-01
5.002352539062500000e+03,1.729553937911987305e-01
5.002838378906250000e+03,1.745604574680328369e-01
5.003324218750000000e+03,1.761248707771301270e-01
5.003810058593750000e+03,1.776469051837921143e-01
5.004295898437500000e+03,1.791249066591262817e-01
5.004781738281250000e+03,1.805572509765625000e-01
5.005268066406250000e+03,1.819423288106918335e-01
5.005753906250000000e+03,1.832786351442337036e-01
5.006240234375000000e+03,1.845646798610687256e-01
5.006726074218750000e+03,1.857989877462387085e-01
5.007212402343750000e+03,1.869801580905914307e-01
5.007698730468750000e+03,1.881069242954254150e-01
5.008185058593750000e+03,1.891779303550720215e-01
5.008671386718750000e+03,1.901919692754745483e-01
5.009157714843750000e+03,1.911479234695434570e-01
5.009644042968750000e+03,1.920446306467056274e-01
5.010130859375000000e+03,1.928810924291610718e-01
5.010617187500000000e+03,1.936562806367874146e-01
5.011104003906250000e+03,1.943693459033966064e-01
5.011590332031250000e+03,1.950194388628005981e-01
5.012077148437500000e+03,1.956057697534561157e-01
5.012563964843750000e+03,1.961276531219482422e-01
5.013050781250000000e+03,1.965844482183456421e-01
5.013537597656250000e+03,1.969756186008453369e-01
5.014024414062500000e+03,1.973006576299667358e-01
5.014511230468750000e+03,1.975592076778411865e-01
5.014998046875000000e+03,1.977508813142776489e-01
5.015485351562500000e+03,1.978754550218582153e-01
5.015972167968750000e+03,1.979327499866485596e-01
5.016459472656250000e+03,1.979226619005203247e-01
5.016946289062500000e+03,1.978451460599899292e-01
5.017433593750000000e+03,1.977003067731857300e-01
5.017920898437500000e+03,1.974882334470748901e-01
5.018408203125000000e+03,1.972091048955917358e-01
5.018895507812500000e+03,1.968632638454437256e-01
5.019382812500000000e+03,1.964510381221771240e-01
5.019870117187500000e+03,1.959728300571441650e-01
5.020357910156250000e+03,1.954292058944702148e-01
5.020845214843750000e+03,1.948207169771194458e-01
5.021333007812500000e+03,1.941480189561843872e-01
5.021820312500000000e+03,1.934117972850799561e-01
5.022308105468750000e+03,1.926129013299942017e-01
5.022795898437500000e+03,1.917521655559539795e-01
5.023283691406250000e+03,1.908305138349533081e-01
5.023771484375000000e+03,1.898489445447921753e-01
5.024259277343750000e+03,1.888085156679153442e-01
5.024747070312500000e+03,1.877103447914123535e-01
5.025235351562500000e+03,1.865556389093399048e-01
5.025723144531250000e+03,1.853455752134323120e-01
5.026211425781250000e+03,1.840814650058746338e-01
5.026699218750000000e+03,1.827646791934967041e-01
5.027187500000000000e+03,1.813965588808059692e-01
5.027675781250000000e+03,1.799786239862442017e-01
5.028164062500000000e+03,1.785122901201248169e-01
5.028652343750000000e+03,1.769991368055343628e-01
5.029140625000000000e+03,1.754406839609146118e-01
5.029628906250000000e+03,1.738385856151580811e-01
5.030117187500000000e+03,1.721944808959960938e-01
5.030605957031250000e+03,1.705100387334823608e-01
5.031094238281250000e+03,1.687869727611541748e-01
5.031583007812500000e+03,1.670270115137100220e-01
5.032071289062500000e+03,1.652318835258483887e-01
5.032560058593750000e+03,1.634034067392349243e-01
5.033048828125000000e+03,1.615433543920516968e-01
5.033537597656250000e+03,1.596535444259643555e-01
5.034026367187500000e+03,1.577358245849609375e-01
5.034515136718750000e+03,1.557919681072235107e-01
5.035003906250000000e+03,1.538238525390625000e-01
5.035493164062500000e+03,1.518333256244659424e-01
5.035981933593750000e+03,1.498221904039382935e-01
5.036471191406250000e+03,1.477922946214675903e-01
5.036959960937500000e+03,1.457455307245254517e-01
5.037449218750000000e+03,1.436836421489715576e-01
5.037938476562500000e+03,1.416084766387939453e-01
5.038427734375000000e+03,1.395218521356582642e-01
5.038916992187500000e+03,1.374255418777465820e-01
5.039406250000000000e+03,1.353213042020797729e-01
5.039895507812500000e+03,1.332108974456787109e-01
5.040385253906250000e+03,1.310960501432418823e-01
5.040874511718750000e+03,1.289784461259841919e-01
5.041364257812500000e+03,1.268597692251205444e-01
5.041853515625000000e+03,1.247416585683822632e-01
5.042343261718750000e+03,1.226257160305976868e-01
5.042833007812500000e+03,1.205135211348533630e-01
5.043322753906250000e+03,1.184066161513328552e-01
5.043812500000000000e+03,1.163065060973167419e-01
5.044302246093750000e+03,1.142146661877632141e-01
5.044791992187500000e+03,1.121325045824050903e-01
5.045281738281250000e+03,1.100614219903945923e-01
5.045771972656250000e+03,1.080027520656585693e-01
5.046261718750000000e+03,1.059577986598014832e-01
5.046751953125000000e+03,1.039278209209442139e-01
5.047242187500000000e+03,1.019140183925628662e-01
5.047731933593750000e+03,9.991753101348876953e-02
5.048222167968750000e+03,9.793951362371444702e-02
5.048712402343750000e+03,9.598101675510406494e-02
5.049202636718750000e+03,9.404304623603820801e-02
5.049693359375000000e+03,9.212658554315567017e-02
5.050183593750000000e+03,9.023255109786987305e-02
5.050673828125000000e+03,8.836180716753005981e-02
5.051164550781250000e+03,8.651519566774368286e-02
5.051654785156250000e+03,8.469347655773162842e-02
5.052145507812500000e+03,8.289737254381179810e-02
5.052636230468750000e+03,8.112756162881851196e-02
5.053126953125000000e+03,7.938468456268310547e-02
5.053617675781250000e+03,7.766930013895034790e-02
5.054108398437500000e+03,7.598195225000381470e-02
5.054599121093750000e+03,7.432312518358230591e-02
5.055089843750000000e+03,7.269328832626342773e-02
5.055580566406250000e+03,7.109278440475463867e-02
5.056071777343750000e+03,6.952200084924697876e-02
5.056562988281250000e+03,6.798124313354492188e-02
5.057053710937500000e+03,6.647075712680816650e-02
5.057544921875000000e+03,6.499077379703521729e-02
5.058036132812500000e+03,6.354150176048278809e-02
5.058527343750000000e+03,6.212305650115013123e-02
5.059018554687500000e+03,6.073555350303649902e-02
5.059509765625000000e+03,5.937906354665756226e-02
5.060000976562500000e+03,5.805362388491630554e-02
5.060492187500000000e+03,5.675923451781272888e-02
5.060983886718750000e+03,5.549586564302444458e-02
5.061475097656250000e+03,5.426345020532608032e-02
5.061966796875000000e+03,5.306190252304077148e-02
5.062458496093750000e+03,5.189108103513717651e-02
5.062950195312500000e+03,5.075085908174514771e-02
5.063441406250000000e+03,4.964105412364006042e-02
5.063933593750000000e+03,4.856146872043609619e-02
5.064425292968750000e+03,4.751186445355415344e-02
5.064916992187500000e+03,4.649202153086662292e-02
5.065408691406250000e+03,4.550166428089141846e-02
5.065900878906250000e+03,4.454050958156585693e-02
5.066392578125000000e+03,4.360826313495635986e-02
5.066884765625000000e+03,4.270461574196815491e-02
5.067376464843750000e+03,4.182921350002288818e-02
5.067868652343750000e+03,4.098173975944519043e-02
5.068360839843750000e+03,4.016182199120521545e-02
5.068853027343750000e+03,3.936910629272460938e-02
5.069345214843750000e+03,3.860319778323173523e-02
5.069837402343750000e+03,3.786373138427734375e-02
5.070330078125000000e+03,3.715031221508979797e-02
5.070822265625000000e+03,3.646253794431686401e-02
5.071314941406250000e+03,3.580000996589660645e-02
5.071807128906250000e+03,3.516233339905738831e-02
5.072299804687500000e+03,3.454907983541488647e-02
5.072792480468750000e+03,3.395985066890716553e-02
5.073284667968750000e+03,3.339423611760139465e-02
5.073777343750000000e+03,3.285183012485504150e-02
5.074270507812500000e+03,3.233221545815467834e-02
5.074763183593750000e+03,3.183499723672866821e-02
5.075255859375000000e+03,3.135976195335388184e-02
5.075748535156250000e+03,3.090610727667808533e-02
5.076241699218750000e+03,3.047365136444568634e-02
5.076734375000000000e+03,3.006199561059474945e-02
5.077227539062500000e+03,2.967075631022453308e-02
5.077720703125000000e+03,2.929956279695034027e-02
5.078213867187500000e+03,2.894804067909717560e-02
5.078707031250000000e+03,2.861583046615123749e-02
5.079200195312500000e+03,2.830257639288902283e-02
5.079693359375000000e+03,2.800793573260307312e-02
5.080186523437500000e+03,2.773157879710197449e-02
5.080679687500000000e+03,2.747317776083946228e-02
5.081173339843750000e+03,2.723241969943046570e-02
5.081666503906250000e+03,2.700900286436080933e-02
5.082160156250000000e+03,2.680263854563236237e-02
5.082653808593750000e+03,2.661304734647274017e-02
5.083147460937500000e+03,2.643996663391590118e-02
5.083641113281250000e+03,2.628313936293125153e-02
5.084134765625000000e+03,2.614232711493968964e-02
5.084628417968750000e+03,2.601730450987815857e-02
5.085122070312500000e+03,2.590785734355449677e-02
5.085615722656250000e+03,2.581378817558288574e-02
5.086109863281250000e+03,2.573491632938385010e-02
5.086603515625000000e+03,2.567106671631336212e-02
5.087097656250000000e+03,2.562208659946918488e-02
5.087591796875000000e+03,2.558784186840057373e-02
5.088085449218750000e+03,2.556819468736648560e-02
5.088579589843750000e+03,2.556305192410945892e-02
5.089073730468750000e+03,2.557230554521083832e-02
5.089567871093750000e+03,2.559588663280010223e-02
5.090062500000000000e+03,2.563372813165187836e-02
5.090556640625000000e+03,2.568578533828258514e-02
5.091050781250000000e+03,2.575202472507953644e-02
5.091545410156250000e+03,2.583243139088153839e-02
5.092039550781250000e+03,2.592700347304344177e-02
5.092534179687500000e+03,2.603575587272644043e-02
5.093028808593750000e+03,2.615872584283351898e-02
5.093523437500000000e+03,2.629595436155796051e-02
5.094018066406250000e+03,2.644750475883483887e-02
5.094512695312500000e+03,2.661344595253467560e-02
5.095007324218750000e+03,2.679388038814067841e-02
5.095502441406250000e+03,2.698890306055545807e-02
5.095997070312500000e+03,2.719864435493946075e-02
5.096491699218750000e+03,2.742322534322738647e-02
5.096986816406250000e+03,2.766279876232147217e-02
5.097481933593750000e+03,2.791752852499485016e-02
5.097976562500000000e+03,2.818758226931095123e-02
5.098471679687500000e+03,2.847314625978469849e-02
5.098966796875000000e+03,2.877441793680191040e-02
5.099461914062500000e+03,2.909160591661930084e-02
5.099957519531250000e+03,2.942492254078388214e-02
5.100452636718750000e+03,2.977460250258445740e-02
5.100947753906250000e+03,3.014088235795497894e-02
5.101443359375000000e+03,3.052400797605514526e-02
5.101938476562500000e+03,3.092423081398010254e-02
5.102434082031250000e+03,3.134182095527648926e-02
5.102929687500000000e+03,3.177703544497489929e-02
5.103425292968750000e+03,3.223015740513801575e-02
5.103920898437500000e+03,3.270146250724792480e-02
5.104416503906250000e+03,3.319123387336730957e-02
5.104912109375000000e+03,3.369976207613945007e-02
5.105407714843750000e+03,3.422733023762702942e-02
5.105903320312500000e+03,3.477423638105392456e-02
5.106399414062500000e+03,3.534076735377311707e-02
5.106895019531250000e+03,3.592721745371818542e-02
5.107391113281250000e+03,3.653387725353240967e-02
5.107887207031250000e+03,3.716103360056877136e-02
5.108383300781250000e+03,3.780897706747055054e-02
5.108879394531250000e+03,3.847798332571983337e-02
5.109375488281250000e+03,3.916834294795989990e-02
5.109871582031250000e+03,3.988031670451164246e-02
5.110367675781250000e+03,4.061417654156684875e-02
5.110864257812500000e+03,4.137018322944641113e-02
5.111360351562500000e+03,4.214858636260032654e-02
5.111856933593750000e+03,4.294962435960769653e-02
5.112353027343750000e+03,4.377353936433792114e-02
5.112849609375000000e+03,4.462054744362831116e-02
5.113346191406250000e+03,4.549086093902587891e-02
5.113842773437500000e+03,4.638467356562614441e-02
5.114339355468750000e+03,4.730217903852462769e-02
5.114835937500000000e+03,4.824354872107505798e-02
5.115332519531250000e+03,4.920893907546997070e-02
5.115829101562500000e+03,5.019849538803100586e-02
5.116326171875000000e+03,5.121234431862831116e-02
5.116822753906250000e+03,5.225059390068054199e-02
5.117319824218750000e+03,5.331334471702575684e-02
5.117816894531250000e+03,5.440067872405052185e-02
5.118313964843750000e+03,5.551263317465782166e-02
5.118811035156250000e+03,5.664927512407302856e-02
5.119308105468750000e+03,5.781061947345733643e-02
5.119805175781250000e+03,5.899666249752044678e-02
5.120302246093750000e+03,6.020738929510116577e-02
5.120799316406250000e+03,6.144276261329650879e-02
5.121296875000000000e+03,6.270272284746170044e-02
5.121793945312500000e+03,6.398720294237136841e-02
5.122291503906250000e+03,6.529607623815536499e-02
5.122789062500000000e+03,6.662925332784652710e-02
5.123286132812500000e+03,6.798657029867172241e-02
5.123783691406250000e+03,6.936786323785781860e-02
5.124281250000000000e+03,7.077295333147048950e-02
5.124778808593750000e+03,7.220161706209182739e-02
5.125276855468750000e+03,7.365363091230392456e-02
5.125774414062500000e+03,7.512873411178588867e-02
5.126271972656250000e+03,7.662663608789443970e-02
5.126770019531250000e+03,7.814705371856689453e-02
5.127268066406250000e+03,7.968965917825698853e-02
5.127765625000000000e+03,8.125408738851547241e-02
5.128263671875000000e+03,8.283995836973190308e-02
5.128761718750000000e+03,8.444690704345703125e-02
5.129259765625000000e+03,8.607448637485504150e-02
5.129757812500000000e+03,8.772223442792892456e-02
5.130255859375000000e+03,8.938971906900405884e-02
5.130754394531250000e+03,9.107641875743865967e-02
5.131252441406250000e+03,9.278183430433273315e-02
5.131750976562500000e+03,9.450541436672210693e-02
5.132249023437500000e+03,9.624657034873962402e-02
5.132747558593750000e+03,9.800475090742111206e-02
5.133246093750000000e+03,9.977930039167404175e-02
5.133744628906250000e+03,1.015696302056312561e-01
5.134243164062500000e+03,1.033750027418136597e-01
5.134741699218750000e+03,1.051947847008705139e-01
5.135240234375000000e+03,1.070282459259033203e-01
5.135738769531250000e+03,1.088746562600135803e-01
5.136237792968750000e+03,1.107332333922386169e-01
5.136736328125000000e+03,1.126032024621963501e-01
5.137235351562500000e+03,1.144837662577629089e-01
5.137733886718750000e+03,1.163740754127502441e-01
5.138232910156250000e+03,1.182732805609703064e-01
5.138731933593750000e+03,1.201804950833320618e-01
5.139230957031250000e+03,1.220948323607444763e-01
5.139729980468750000e+03,1.240153461694717407e-01
5.140229003906250000e+03,1.259410977363586426e-01
5.140728515625000000e+03,1.278711110353469849e-01
5.141227539062500000e+03,1.298044025897979736e-01
5.141726562500000000e+03,1.317399442195892334e-01
5.142226074218750000e+03,1.336767226457595825e-01
5.142725585937500000e+03,1.356136649847030640e-01
5.143224609375000000e+03,1.375497430562973022e-01
5.143724121093750000e+03,1.394837945699691772e-01
5.144223632812500000e+03,1.414147466421127319e-01
5.144723144531250000e+03,1.433414816856384277e-01
5.145223144531250000e+03,1.452628672122955322e-01
5.145722656250000000e+03,1.471776962280273438e-01
5.146222167968750000e+03,1.490848511457443237e-01
5.146722167968750000e+03,1.509830951690673828e-01
5.147221679687500000e+03,1.528712958097457886e-01
5.147721679687500000e+03,1.547481566667556763e-01
5.148221679687500000e+03,1.566125601530075073e-01
5.148721679687500000e+03,1.584631651639938354e-01
5.149221679687500000e+03,1.602988541126251221e-01
5.149721679687500000e+03,1.621183305978775024e-01
5.150221679687500000e+03,1.639203280210494995e-01
5.150721679687500000e+03,1.657036393880844116e-01
5.151222167968750000e+03,1.674670130014419556e-01
5.151722167968750000e+03,1.692091971635818481e-01
5.152222656250000000e+03,1.709289550781250000e-01
5.152722656250000000e+03,1.726250201463699341e-01
5.153223144531250000e+03,1.742961853742599487e-01
5.153723632812500000e+03,1.759412288665771484e-01
5.154224121093750000e+03,1.775589138269424438e-01
5.154724609375000000e+03,1.791480779647827148e-01
5.155225097656250000e+03,1.807074695825576782e-01
5.155725585937500000e+03,1.822359859943389893e-01
5.156226562500000000e+03,1.837324351072311401e-01
5.156727050781250000e+03,1.851956695318222046e-01
5.157228027343750000e+03,1.866246163845062256e-01
5.157729003906250000e+03,1.880181431770324707e-01
5.158229492187500000e+03,1.893751770257949829e-01
5.158730468750000000e+03,1.906947344541549683e-01
5.159231445312500000e+03,1.919757872819900513e-01
5.159732421875000000e+03,1.932173222303390503e-01
5.160233398437500000e+03,1.944184601306915283e-01
5.160734863281250000e+03,1.955782473087310791e-01
5.161235839843750000e+03,1.966958642005920410e-01
5.161736816406250000e+03,1.977704316377639771e-01
5.162238281250000000e+03,1.988011747598648071e-01
5.162739746093750000e+03,1.997873634099960327e-01
5.163240722656250000e+03,2.007283121347427368e-01
5.163742187500000000e+03,2.016233056783676147e-01
5.164243652343750000e+03,2.024717926979064941e-01
5.164745117187500000e+03,2.032732218503952026e-01
5.165247070312500000e+03,2.040270119905471802e-01
5.165748535156250000e+03,2.047327756881713867e-01
5.166250000000000000e+03,2.053901255130767822e-01
5.166751953125000000e+03,2.059986293315887451e-01
5.167253417968750000e+03,2.065580636262893677e-01
5.167755371093750000e+03,2.070681005716323853e-01
5.168257324218750000e+03,2.075286358594894409e-01
5.168759277343750000e+03,2.079395204782485962e-01
5.169260742187500000e+03,2.083006799221038818e-01
5.169763183593750000e+03,2.086120545864105225e-01
5.170265136718750000e+03,2.088737785816192627e-01
5.170767089843750000e+03,2.090858519077301025e-01
5.171269042968750000e+03,2.092484682798385620e-01
5.171771484375000000e+03,2.093618512153625488e-01
5.172273437500000000e+03,2.094262391328811646e-01
5.172775878906250000e+03,2.094420045614242554e-01
5.173278320312500000e+03,2.094094902276992798e-01
5.173780761718750000e+03,2.093291431665420532e-01
5.174283203125000000e+03,2.092014700174331665e-01
5.174785644531250000e+03,2.090269923210144043e-01
5.175288085937500000e+03,2.088063359260559082e-01
5.175790527343750000e+03,2.085400819778442383e-01
5.176292968750000000e+03,2.082290351390838623e-01
5.176795898437500000e+03,2.078738808631896973e-01
5.177298339843750000e+03,2.074753791093826294e-01
5.177801269531250000e+03,2.070344537496566772e-01
5.178304199218750000e+03,2.065519690513610840e-01
5.178807128906250000e+03,2.060287594795227051e-01
5.179310058593750000e+03,2.054659426212310791e-01
5.179812988281250000e+03,2.048644125461578369e-01
5.180315917968750000e+03,2.042253017425537109e-01
5.180818847656250000e+03,2.035496383905410767e-01
5.181322265625000000e+03,2.028385549783706665e-01
5.181825195312500000e+03,2.020931839942932129e-01
5.182328613281250000e+03,2.013147026300430298e-01
5.182831542968750000e+03,2.005043029785156250e-01
5.183334960937500000e+03,1.996632516384124756e-01
5.183838378906250000e+03,1.987927556037902832e-01
5.184341796875000000e+03,1.978941410779953003e-01
5.184845214843750000e+03,1.969686597585678101e-01
5.185348632812500000e+03,1.960175782442092896e-01
5.185852050781250000e+03,1.950422823429107666e-01
5.186355957031250000e+03,1.940440535545349121e-01
5.186859375000000000e+03,1.930242329835891724e-01
5.187363281250000000e+03,1.919842213392257690e-01
5.187866699218750000e+03,1.909253001213073730e-01
5.188370605468750000e+03,1.898488402366638184e-01
5.188874511718750000e+03,1.887562125921249390e-01
5.189378417968750000e+03,1.876487433910369873e-01
5.189882324218750000e+03,1.865277886390686035e-01
5.190386230468750000e+03,1.853946894407272339e-01
5.190890136718750000e+03,1.842507719993591309e-01
5.191394531250000000e+03,1.830973625183105469e-01
5.191898437500000000e+03,1.819357722997665405e-01
5.192402832031250000e+03,1.807672828435897827e-01
5.192907226562500000e+03,1.795931905508041382e-01
5.193411132812500000e+03,1.784147769212722778e-01
5.193915527343750000e+03,1.772332489490509033e-01
5.194419921875000000e+03,1.760498583316802979e-01
5.194924316406250000e+03,1.748657673597335815e-01
5.195428710937500000e+03,1.736821979284286499e-01
5.195933593750000000e+03,1.725003123283386230e-01
5.196437988281250000e+03,1.713211685419082642e-01
5.196942382812500000e+03,1.701459586620330811e-01
5.197447265625000000e+03,1.689756810665130615e-01
5.197952148437500000e+03,1.678114235401153564e-01
5.198456542968750000e+03,1.666542142629623413e-01
5.198961425781250000e+03,1.655049771070480347e-01
5.199466308593750000e+03,1.643646955490112305e-01
5.199971191406250000e+03,1.632343083620071411e-01
5.200476562500000000e+03,1.621146649122238159e-01
5.200981445312500000e+03,1.610066443681716919e-01
5.201486328125000000e+03,1.599110662937164307e-01
5.201991699218750000e+03,1.588287055492401123e-01
5.202496582031250000e+03,1.577602922916412354e-01
5.203001953125000000e+03,1.567065864801406860e-01
5.203507324218750000e+03,1.556682139635086060e-01
5.204012695312500000e+03,1.546458750963211060e-01
5.204518066406250000e+03,1.536401063203811646e-01
5.205023437500000000e+03,1.526515632867813110e-01
5.205528808593750000e+03,1.516807377338409424e-01
5.206034179687500000e+03,1.507281363010406494e-01
5.206539550781250000e+03,1.497942209243774414e-01
5.207045410156250000e+03,1.488794684410095215e-01
5.207551269531250000e+03,1.479842662811279297e-01
5.208056640625000000e+03,1.471089571714401245e-01
5.208562500000000000e+03,1.462539136409759521e-01
5.209068359375000000e+03,1.454193890094757080e-01
5.209574218750000000e+03,1.446056962013244629e-01
5.210080078125000000e+03,1.438130885362625122e-01
5.210585937500000000e+03,1.430417597293853760e-01
5.211091796875000000e+03,1.422918736934661865e-01
5.211598144531250000e+03,1.415635943412780762e-01
5.212104003906250000e+03,1.408570855855941772e-01
5.212610351562500000e+03,1.401724070310592651e-01
5.213116699218750000e+03,1.395096182823181152e-01
5.213622558593750000e+03,1.388687938451766968e-01
5.214128906250000000e+03,1.382499337196350098e-01
5.214635253906250000e+03,1.376530528068542480e-01
5.215141601562500000e+03,1.370781213045120239e-01
5.215647949218750000e+03,1.365250945091247559e-01
5.216154785156250000e+03,1.359938979148864746e-01
5.216661132812500000e+03,1.354844421148300171e-01
5.217167968750000000e+03,1.349966377019882202e-01
5.217674316406250000e+03,1.345303356647491455e-01
5.218181152343750000e+03,1.340854018926620483e-01
5.218687988281250000e+03,1.336616575717926025e-01
5.219194824218750000e+03,1.332589685916900635e-01
5.219701660156250000e+03,1.328771412372589111e-01
5.220208496093750000e+03,1.325159668922424316e-01
5.220715332031250000e+03,1.321752071380615234e-01
5.221222167968750000e+03,1.318546533584594727e-01
5.221729492187500000e+03,1.315540969371795654e-01
5.222236328125000000e+03,1.312732547521591187e-01
5.222743652343750000e+03,1.310118734836578369e-01
5.223250488281250000e+03,1.307696998119354248e-01
5.223757812500000000e+03,1.305464804172515869e-01
5.224265136718750000e+03,1.303419172763824463e-01
5.224772460937500000e+03,1.301557123661041260e-01
5.225279785156250000e+03,1.299876123666763306e-01
5.225787109375000000e+03,1.298372894525527954e-01
5.226294921875000000e+03,1.297044903039932251e-01
5.226802246093750000e+03,1.295888870954513550e-01
5.227310058593750000e+03,1.294901669025421143e-01
5.227817382812500000e+03,1.294080466032028198e-01
5.228325195312500000e+03,1.293422430753707886e-01
5.228833007812500000e+03,1.292923986911773682e-01
5.229340820312500000e+03,1.292582303285598755e-01
5.229848632812500000e+03,1.292394101619720459e-01
5.230356445312500000e+03,1.292356848716735840e-01
5.230864257812500000e+03,1.292466819286346436e-01
5.231372070312500000e+03,1.292721778154373169e-01
5.231880371093750000e+03,1.293118000030517578e-01
5.232388183593750000e+03,1.293652653694152832e-01
5.232896484375000000e+03,1.294322758913040161e-01
5.233404785156250000e+03,1.295125633478164673e-01
5.233912597656250000e+03,1.296057850122451782e-01
5.234420898437500000e+03,1.297116875648498535e-01
5.234929199218750000e+03,1.298299431800842285e-01
5.235437500000000000e+03,1.299603134393692017e-01
5.235946289062500000e+03,1.301024854183197021e-01
5.236454589843750000e+03,1.302561610937118530e-01
5.236962890625000000e+03,1.304211020469665527e-01
5.237471679687500000e+03,1.305970102548599243e-01
5.237980468750000000e+03,1.307836323976516724e-01
5.238488769531250000e+03,1.309806555509567261e-01
5.238997558593750000e+03,1.311878710985183716e-01
5.239506347656250000e+03,1.314049661159515381e-01
5.240015136718750000e+03,1.316317319869995117e-01
5.240523925781250000e+03,1.318678557872772217e-01
5.241032714843750000e+03,1.321131139993667603e-01
5.241541992187500000e+03,1.323672533035278320e-01
5.242050781250000000e+03,1.326300203800201416e-01
5.242560058593750000e+03,1.329011470079421997e-01
5.243068847656250000e+03,1.331804096698760986e-01
5.243578125000000000e+03,1.334675997495651245e-01
5.244087402343750000e+03,1.337623894214630127e-01
5.244596679687500000e+03,1.340646147727966309e-01
5.245105957031250000e+03,1.343739777803421021e-01
5.245615234375000000e+03,1.346902996301651001e-01
5.246124511718750000e+03,1.350133121013641357e-01
5.246634277343750000e+03,1.353427767753601074e-01
5.247143554687500000e+03,1.356784850358963013e-01
5.247653320312500000e+03,1.360201686620712280e-01
5.248162597656250000e+03,1.363676190376281738e-01
5.248672363281250000e+03,1.367205977439880371e-01
5.249182128906250000e+03,1.370788961648941040e-01
5.249691894531250000e+03,1.374422758817672729e-01
5.250201660156250000e+03,1.378104984760284424e-01
5.250711425781250000e+03,1.381833255290985107e-01
5.251221191406250000e+03,1.385605484247207642e-01
5.251731445312500000e+03,1.389419287443161011e-01
5.252241210937500000e+03,1.393272429704666138e-01
5.252751464843750000e+03,1.397162675857543945e-01
5.253261718750000000e+03,1.401087939739227295e-01
5.253771484375000000e+03,1.405045539140701294e-01
5.254281738281250000e+03,1.409033685922622681e-01
5.254791992187500000e+03,1.413049995899200439e-01
5.255302246093750000e+03,1.417091935873031616e-01
5.255812500000000000e+03,1.421157717704772949e-01
5.256323242187500000e+03,1.425244659185409546e-01
5.256833496093750000e+03,1.429350823163986206e-01
5.257344238281250000e+03,1.433474123477935791e-01
5.257854492187500000e+03,1.437612175941467285e-01
5.258365234375000000e+03,1.441762745380401611e-01
5.258875976562500000e+03,1.445923894643783569e-01
5.259386230468750000e+03,1.450093090534210205e-01
5.259896972656250000e+03,1.454268395900726318e-01
5.260408203125000000e+03,1.458447873592376709e-01
5.260918945312500000e+03,1.462629139423370361e-01
5.261429687500000000e+03,1.466810107231140137e-01
5.261940429687500000e+03,1.470988690853118896e-01
5.262451660156250000e+03,1.475163251161575317e-01
5.262962890625000000e+03,1.479331254959106445e-01
5.263473632812500000e+03,1.483490467071533203e-01
5.263984863281250000e+03,1.487639546394348145e-01
5.264496093750000000e+03,1.491776406764984131e-01
5.265007324218750000e+03,1.495898813009262085e-01
5.265518554687500000e+03,1.500005125999450684e-01
5.266029785156250000e+03,1.504093259572982788e-01
5.266541503906250000e+03,1.508161574602127075e-01
5.267052734375000000e+03,1.512207984924316406e-01
5.267563964843750000e+03,1.516231000423431396e-01
5.268075683593750000e+03,1.520228683948516846e-01
5.268587402343750000e+03,1.524199247360229492e-01
5.269099121093750000e+03,1.528140902519226074e-01
5.269610839843750000e+03,1.532052457332611084e-01
5.270122558593750000e+03,1.535931378602981567e-01
5.270634277343750000e+03,1.539777368307113647e-01
5.271145996093750000e+03,1.543587744235992432e-01
5.271657714843750000e+03,1.547361016273498535e-01
5.272169921875000000e+03,1.551096439361572266e-01
5.272681640625000000e+03,1.554791778326034546e-01
5.273193847656250000e+03,1.558445841073989868e-01
5.273706054687500000e+03,1.562057137489318848e-01
5.274217773437500000e+03,1.565624177455902100e-01
5.274729980468750000e+03,1.569145470857620239e-01
5.275242187500000000e+03,1.572619974613189697e-01
5.275754882812500000e+03,1.576045900583267212e-01
5.276267089843750000e+03,1.579422205686569214e-01
5.276779296875000000e+03,1.582747250795364380e-01
5.277291992187500000e+03,1.586019694805145264e-01
5.277804199218750000e+03,1.589238494634628296e-01
5.278316894531250000e+03,1.592402309179306030e-01
5.278829589843750000e+03,1.595509499311447144e-01
5.279341796875000000e+03,1.598559021949768066e-01
5.279854492187500000e+03,1.601549237966537476e-01
5.280367187500000000e+03,1.604478955268859863e-01
5.280880371093750000e+03,1.607346683740615845e-01
5.281393066406250000e+03,1.610151529312133789e-01
5.281905761718750000e+03,1.612891554832458496e-01
5.282418945312500000e+03,1.615565717220306396e-01
5.282931640625000000e+03,1.618172377347946167e-01
5.283444824218750000e+03,1.620710194110870361e-01
5.283958007812500000e+03,1.623177677392959595e-01
5.284471191406250000e+03,1.625573337078094482e-01
5.284984375000000000e+03,1.627895683050155640e-01
5.285497558593750000e+03,1.630142778158187866e-01
5.286010742187500000e+03,1.632313430309295654e-01
5.286523925781250000e+03,1.634405851364135742e-01
5.287037109375000000e+03,1.636418551206588745e-01
5.287550781250000000e+03,1.638349592685699463e-01
5.288064453125000000e+03,1.640197187662124634e-01
5.288577636718750000e+03,1.641959697008132935e-01
5.289091308593750000e+03,1.643635034561157227e-01
5.289604980468750000e+03,1.645221710205078125e-01
5.290118652343750000e+03,1.646717190742492676e-01
5.290632324218750000e+03,1.648119688034057617e-01
5.291145996093750000e+03,1.649427413940429688e-01
5.291659667968750000e+03,1.650638282299041748e-01
5.292173828125000000e+03,1.651749610900878906e-01
5.292687500000000000e+03,1.652760058641433716e-01
5.293201660156250000e+03,1.653666794300079346e-01
5.293715820312500000e+03,1.654467731714248657e-01
5.294229980468750000e+03,1.655160784721374512e-01
5.294743652343750000e+03,1.655743420124053955e-01
5.295257812500000000e+03,1.656213402748107910e-01
5.295772460937500000e+03,1.656568050384521484e-01
5.296286621093750000e+03,1.656804978847503662e-01
5.296800781250000000e+03,1.656922250986099243e-01
5.297315429687500000e+03,1.656917184591293335e-01
5.297829589843750000e+03,1.656787395477294922e-01
5.298344238281250000e+03,1.656530052423477173e-01
5.298858398437500000e+03,1.656142920255661011e-01
5.299373046875000000e+03,1.655623465776443481e-01
5.299887695312500000e+03,1.654969304800033569e-01
5.300402343750000000e+03,1.654177755117416382e-01
5.300916992187500000e+03,1.653247028589248657e-01
5.301432128906250000e+03,1.652174144983291626e-01
5.301946777343750000e+03,1.650956869125366211e-01
5.302461914062500000e+03,1.649592667818069458e-01
5.302976562500000000e+03,1.648079603910446167e-01
5.303491699218750000e+03,1.646415144205093384e-01
5.304006347656250000e+03,1.644597202539443970e-01
5.304521484375000000e+03,1.642623841762542725e-01
5.305036621093750000e+03,1.640492826700210571e-01
5.305551757812500000e+03,1.638202071189880371e-01
5.306067382812500000e+03,1.635749936103820801e-01
5.306582519531250000e+03,1.633134633302688599e-01
5.307097656250000000e+03,1.630354374647140503e-01
5.307613281250000000e+03,1.627407371997833252e-01
5.308128417968750000e+03,1.624292582273483276e-01
5.308644042968750000e+03,1.621008366346359253e-01
5.309159667968750000e+03,1.617553681135177612e-01
5.309675292968750000e+03,1.613927185535430908e-01
5.310190917968750000e+03,1.610128283500671387e-01
5.310706542968750000e+03,1.606156080961227417e-01
5.311222167968750000e+03,1.602009534835815430e-01
5.311737792968750000e+03,1.597688645124435425e-01
5.312253906250000000e+03,1.593193113803863525e-01
5.312769531250000000e+03,1.588522344827651978e-01
5.313285644531250000e+03,1.583676636219024658e-01
5.313801269531250000e+03,1.578656286001205444e-01
5.314317382812500000e+03,1.573461443185806274e-01
5.314833496093750000e+03,1.568092703819274902e-01
5.315349609375000000e+03,1.562550663948059082e-01
5.315865722656250000e+03,1.556836664676666260e-01
5.316381835937500000e+03,1.550951600074768066e-01
5.316898437500000000e+03,1.544896513223648071e-01
5.317414550781250000e+03,1.538673490285873413e-01
5.317931152343750000e+03,1.532283723354339600e-01
5.318447265625000000e+03,1.525729447603225708e-01
5.318963867187500000e+03,1.519012749195098877e-01
5.319480468750000000e+03,1.512135714292526245e-01
5.319997070312500000e+03,1.505100727081298828e-01
5.320513671875000000e+03,1.497910767793655396e-01
5.321030273437500000e+03,1.490568667650222778e-01
5.321546875000000000e+03,1.483077406883239746e-01
5.322063964843750000e+03,1.475440114736557007e-01
5.322580566406250000e+03,1.467660665512084961e-01
5.323097656250000000e+03,1.459742188453674316e-01
5.323614257812500000e+03,1.451688706874847412e-01
5.324131347656250000e+03,1.443504244089126587e-01
5.324648437500000000e+03,1.435192674398422241e-01
5.325165527343750000e+03,1.426758617162704468e-01
5.325682617187500000e+03,1.418206095695495605e-01
5.326199707031250000e+03,1.409540027379989624e-01
5.326716796875000000e+03,1.400765031576156616e-01
5.327234375000000000e+03,1.391886025667190552e-01
5.327751464843750000e+03,1.382908076047897339e-01
5.328269042968750000e+03,1.373835951089859009e-01
5.328786621093750000e+03,1.364675313234329224e-01
5.329303710937500000e+03,1.355431079864501953e-01
5.329821289062500000e+03,1.346109211444854736e-01
5.330338867187500000e+03,1.336714923381805420e-01
5.330856445312500000e+03,1.327253282070159912e-01
5.331374511718750000e+03,1.317730993032455444e-01
5.331892089843750000e+03,1.308152973651885986e-01
5.332409667968750000e+03,1.298525333404541016e-01
5.332927734375000000e+03,1.288854032754898071e-01
5.333445312500000000e+03,1.279144883155822754e-01
5.333963378906250000e+03,1.269403398036956787e-01
5.334481445312500000e+03,1.259635686874389648e-01
5.334999511718750000e+03,1.249847784638404846e-01
5.335517578125000000e+03,1.240045502781867981e-01
5.336035644531250000e+03,1.230234652757644653e-01
5.336553710937500000e+03,1.220421120524406433e-01
5.337072265625000000e+03,1.210610941052436829e-01
5.337590332031250000e+03,1.200809627771377563e-01
5.338108886718750000e+03,1.191023066639900208e-01
5.338626953125000000e+03,1.181256994605064392e-01
5.339145507812500000e+03,1.171516925096511841e-01
5.339664062500000000e+03,1.161808520555496216e-01
5.340182617187500000e+03,1.152137145400047302e-01
5.340701171875000000e+03,1.142508089542388916e-01
5.341219726562500000e+03,1.132927015423774719e-01
5.341738281250000000e+03,1.123398691415786743e-01
5.342257324218750000e+03,1.113928407430648804e-01
5.342775878906250000e+03,1.104521080851554871e-01
5.343294921875000000e+03,1.095181405544281006e-01
5.343813476562500000e+03,1.085914224386215210e-01
5.344332519531250000e+03,1.076724156737327576e-01
5.344851562500000000e+03,1.067615300416946411e-01
5.345370605468750000e+03,1.058592274785041809e-01
5.345889648437500000e+03,1.049659028649330139e-01
5.346408691406250000e+03,1.040819436311721802e-01
5.346928222656250000e+03,1.032077595591545105e-01
5.347447265625000000e+03,1.023436859250068665e-01
5.347966308593750000e+03,1.014900803565979004e-01
5.348485839843750000e+03,1.006472930312156677e-01
5.349005371093750000e+03,9.981559216976165771e-02
5.349524902343750000e+03,9.899532049894332886e-02
5.350043945312500000e+03,9.818674623966217041e-02
5.350563476562500000e+03,9.739010781049728394e-02
5.351083496093750000e+03,9.660567343235015869e-02
5.351603027343750000e+03,9.583365917205810547e-02
5.352122558593750000e+03,9.507426619529724121e-02
5.352642578125000000e+03,9.432769566774368286e-02
5.353162109375000000e+03,9.359412640333175659e-02
5.353682128906250000e+03,9.287370741367340088e-02
5.354201660156250000e+03,9.216656535863876343e-02
5.354721679687500000e+03,9.147283434867858887e-02
5.355241699218750000e+03,9.079262614250183105e-02
5.355761718750000000e+03,9.012600779533386230e-02
5.356281738281250000e+03,8.947306126356124878e-02
5.356802246093750000e+03,8.883383125066757202e-02
5.357322265625000000e+03,8.820836991071701050e-02
5.357842773437500000e+03,8.759669214487075806e-02
5.358362792968750000e+03,8.699879050254821777e-02
5.358883300781250000e+03,8.641467988491058350e-02
5.359403808593750000e+03,8.584432303905487061e-02
5.359923828125000000e+03,8.528768271207809448e-02
5.360444335937500000e+03,8.474470674991607666e-02
5.360965332031250000e+03,8.421532809734344482e-02
5.361485839843750000e+03,8.369947224855422974e-02
5.362006347656250000e+03,8.319704234600067139e-02
5.362526855468750000e+03,8.270796388387680054e-02
5.363047851562500000e+03,8.223208039999008179e-02
5.363568847656250000e+03,8.176927268505096436e-02
5.364089355468750000e+03,8.131942898035049438e-02
5.364610351562500000e+03,8.088239282369613647e-02
5.365131347656250000e+03,8.045798540115356445e-02
5.365652343750000000e+03,8.004606515169143677e-02
5.366173339843750000e+03,7.964643836021423340e-02
5.366694335937500000e+03,7.925895601511001587e-02
5.367215820312500000e+03,7.888337969779968262e-02
5.367736816406250000e+03,7.851955294609069824e-02
5.368258300781250000e+03,7.816725224256515503e-02
5.368779296875000000e+03,7.782626152038574219e-02
5.369300781250000000e+03,7.749637961387634277e-02
5.369822265625000000e+03,7.717736810445785522e-02
5.370343750000000000e+03,7.686901092529296875e-02
5.370865234375000000e+03,7.657109200954437256e-02
5.371386718750000000e+03,7.628334313631057739e-02
5.371908203125000000e+03,7.600554823875427246e-02
5.372430175781250000e+03,7.573744654655456543e-02
5.372951660156250000e+03,7.547883689403533936e-02
5.373473632812500000e+03,7.522944360971450806e-02
5.373995117187500000e+03,7.498901337385177612e-02
5.374517089843750000e+03,7.475732266902923584e-02
5.375039062500000000e+03,7.453410327434539795e-02
5.375561035156250000e+03,7.431910932064056396e-02
5.376083007812500000e+03,7.411210238933563232e-02
5.376604980468750000e+03,7.391282171010971069e-02
5.377127441406250000e+03,7.372102886438369751e-02
5.377649414062500000e+03,7.353647798299789429e-02
5.378171875000000000e+03,7.335890084505081177e-02
5.378693847656250000e+03,7.318807393312454224e-02
5.379216308593750000e+03,7.302375137805938721e-02
5.379738769531250000e+03,7.286569476127624512e-02
5.380261230468750000e+03,7.271365821361541748e-02
5.380783691406250000e+03,7.256741821765899658e-02
5.381306152343750000e+03,7.242673635482788086e-02
5.381828613281250000e+03,7.229138165712356567e-02
5.382351074218750000e+03,7.216112315654754639e-02
5.382874023437500000e+03,7.203574478626251221e-02
5.383396484375000000e+03,7.191503047943115234e-02
5.383919433593750000e+03,7.179875671863555908e-02
5.384442382812500000e+03,7.168672233819961548e-02
5.384965332031250000e+03,7.157871127128601074e-02
5.385488281250000000e+03,7.147452235221862793e-02
5.386011230468750000e+03,7.137395441532135010e-02
5.386534179687500000e+03,7.127682864665985107e-02
5.387057128906250000e+03,7.118293642997741699e-02
5.387580078125000000e+03,7.109211385250091553e-02
5.388103515625000000e+03,7.100415229797363281e-02
5.388626953125000000e+03,7.091888040304183960e-02
5.389149902343750000e+03,7.083615660667419434e-02
5.389673339843750000e+03,7.075578719377517700e-02
5.390196777343750000e+03,7.067761570215225220e-02
5.390720214843750000e+03,7.060149312019348145e-02
5.391243652343750000e+03,7.052727043628692627e-02
5.391767089843750000e+03,7.045477628707885742e-02
5.392291015625000000e+03,7.038388401269912720e-02
5.392814453125000000e+03,7.031446695327758789e-02
5.393337890625000000e+03,7.024638354778289795e-02
5.393861816406250000e+03,7.017949968576431274e-02
5.394385742187500000e+03,7.011370360851287842e-02
5.394909667968750000e+03,7.004886120557785034e-02
5.395433593750000000e+03,6.998488306999206543e-02
5.395957519531250000e+03,6.992164254188537598e-02
5.396481445312500000e+03,6.985903531312942505e-02
5.397005371093750000e+03,6.979697197675704956e-02
5.397529296875000000e+03,6.973534822463989258e-02
5.398053710937500000e+03,6.967407464981079102e-02
5.398577636718750000e+03,6.961306929588317871e-02
5.399102050781250000e+03,6.955224275588989258e-02
5.399626464843750000e+03,6.949153542518615723e-02
5.400150878906250000e+03,6.943085044622421265e-02
5.400675292968750000e+03,6.937013566493988037e-02
5.401199707031250000e+03,6.930930912494659424e-02
5.401724121093750000e+03,6.924831867218017578e-02
5.402248535156250000e+03,6.918711215257644653e-02
5.402773437500000000e+03,6.912562996149063110e-02
5.403297851562500000e+03,6.906382739543914795e-02
5.403822753906250000e+03,6.900165975093841553e-02
5.404347656250000000e+03,6.893906742334365845e-02
5.404872070312500000e+03,6.887601315975189209e-02
5.405396972656250000e+03,6.881248950958251953e-02
5.405921875000000000e+03,6.874844431877136230e-02
5.406446777343750000e+03,6.868384033441543579e-02
5.406972167968750000e+03,6.861867010593414307e-02
5.407497070312500000e+03,6.855289638042449951e-02
5.408021972656250000e+03,6.848651915788650513e-02
5.408547363281250000e+03,6.841950118541717529e-02
5.409072753906250000e+03,6.835183501243591309e-02
5.409597656250000000e+03,6.828351318836212158e-02
5.410123046875000000e+03,6.821452826261520386e-02
5.410648437500000000e+03,6.814486533403396606e-02
5.411173828125000000e+03,6.807453930377960205e-02
5.411699707031250000e+03,6.800355017185211182e-02
5.412225097656250000e+03,6.793187558650970459e-02
5.412750488281250000e+03,6.785954535007476807e-02
5.413276367187500000e+03,6.778655946254730225e-02
5.413801757812500000e+03,6.771294027566909790e-02
5.414327636718750000e+03,6.763868033885955811e-02
5.414853515625000000e+03,6.756379455327987671e-02
5.415379394531250000e+03,6.748832017183303833e-02
5.415905273437500000e+03,6.741224974393844604e-02
5.416431152343750000e+03,6.733563542366027832e-02
5.416957031250000000e+03,6.725846230983734131e-02
5.417482910156250000e+03,6.718079745769500732e-02
5.418009277343750000e+03,6.710264086723327637e-02
5.418535156250000000e+03,6.702401489019393921e-02
5.419061523437500000e+03,6.694497913122177124e-02
5.419587890625000000e+03,6.686553359031677246e-02
5.420114257812500000e+03,6.678575277328491211e-02
5.420640136718750000e+03,6.670562177896499634e-02
5.421166992187500000e+03,6.662522256374359131e-02
5.421693359375000000e+03,6.654457002878189087e-02
5.422219726562500000e+03,6.646370887756347656e-02
5.422746093750000000e+03,6.638268381357192993e-02
5.423272949218750000e+03,6.630153954029083252e-02
5.423799316406250000e+03,6.622032076120376587e-02
5.424326171875000000e+03,6.613907217979431152e-02
5.424853027343750000e+03,6.605784595012664795e-02
5.425379882812500000e+03,6.597668677568435669e-02
5.425906738281250000e+03,6.589563935995101929e-02
5.426433593750000000e+03,6.581475585699081421e-02
5.426960449218750000e+03,6.573410332202911377e-02
5.427487304687500000e+03,6.565372645854949951e-02
5.428014648437500000e+03,6.557368487119674683e-02
5.428541503906250000e+03,6.549403071403503418e-02
5.429068847656250000e+03,6.541482359170913696e-02
5.429596191406250000e+03,6.533611565828323364e-02
5.430123535156250000e+03,6.525796651840209961e-02
5.430650878906250000e+03,6.518045812845230103e-02
5.431178222656250000e+03,6.510362029075622559e-02
5.431705566406250000e+03,6.502754241228103638e-02
5.432232910156250000e+03,6.495226919651031494e-02
5.432760253906250000e+03,6.487786024808883667e-02
5.433288085937500000e+03,6.480441242456436157e-02
5.433815429687500000e+03,6.473197788000106812e-02
5.434343261718750000e+03,6.466059386730194092e-02
5.434871093750000000e+03,6.459037214517593384e-02
5.435398925781250000e+03,6.452134996652603149e-02
5.435926757812500000e+03,6.445361673831939697e-02
5.436454589843750000e+03,6.438721716403961182e-02
5.436982421875000000e+03,6.432225555181503296e-02
5.437510253906250000e+03,6.425878405570983887e-02
5.438038574218750000e+03,6.419686228036880493e-02
5.438566406250000000e+03,6.413660198450088501e-02
5.439094726562500000e+03,6.407804787158966064e-02
5.439623046875000000e+03,6.402126699686050415e-02
5.440150878906250000e+03,6.396636366844177246e-02
5.440679199218750000e+03,6.391339004039764404e-02
5.441207519531250000e+03,6.386244297027587891e-02
5.441736328125000000e+03,6.381356716156005859e-02
5.442264648437500000e+03,6.376687437295913696e-02
5.442792968750000000e+03,6.372241675853729248e-02
5.443321777343750000e+03,6.368029117584228516e-02
5.443850097656250000e+03,6.364056468009948730e-02
5.444378906250000000e+03,6.360331922769546509e-02
5.444907714843750000e+03,6.356864422559738159e-02
5.445436523437500000e+03,6.353660672903060913e-02
5.445965332031250000e+03,6.350729614496231079e-02
5.446494140625000000e+03,6.348079442977905273e-02
5.447022949218750000e+03,6.345717608928680420e-02
5.447551757812500000e+03,6.343653053045272827e-02
5.448081054687500000e+03,6.341893225908279419e-02
5.448609863281250000e+03,6.340447068214416504e-02
5.449139160156250000e+03,6.339322030544281006e-02
5.449667968750000000e+03,6.338527053594589233e-02
5.450197265625000000e+03,6.338069587945938110e-02
5.450726562500000000e+03,6.337958574295043945e-02
5.451255859375000000e+03,6.338201463222503662e-02
5.451785156250000000e+03,6.338807940483093262e-02
5.452314941406250000e+03,6.339784711599349976e-02
5.452844238281250000e+03,6.341140717267990112e-02
5.453373535156250000e+03,6.342884153127670288e-02
5.453903320312500000e+03,6.345021724700927734e-02
5.454433105468750000e+03,6.347563117742538452e-02
5.454962402343750000e+03,6.350515782833099365e-02
5.455492187500000000e+03,6.353886425495147705e-02
5.456021972656250000e+03,6.357683986425399780e-02
5.456551757812500000e+03,6.361916661262512207e-02
5.457082031250000000e+03,6.366589665412902832e-02
5.457611816406250000e+03,6.371711194515228271e-02
5.458141601562500000e+03,6.377290189266204834e-02
5.458671875000000000e+03,6.383330374956130981e-02
5.459201660156250000e+03,6.389841437339782715e-02
5.459731933593750000e+03,6.396828591823577881e-02
5.460262207031250000e+03,6.404297798871994019e-02
5.460792480468750000e+03,6.412255764007568359e-02
5.461322753906250000e+03,6.420709192752838135e-02
5.461853027343750000e+03,6.429661810398101807e-02
5.462383300781250000e+03,6.439119577407836914e-02
5.462914062500000000e+03,6.449086964130401611e-02
5.463444335937500000e+03,6.459569185972213745e-02
5.463975097656250000e+03,6.470569223165512085e-02
5.464505371093750000e+03,6.482091546058654785e-02
5.465036132812500000e+03,6.494139134883880615e-02
5.465566894531250000e+03,6.506714224815368652e-02
5.466097656250000000e+03,6.519819796085357666e-02
5.466628417968750000e+03,6.533457338809967041e-02
5.467159179687500000e+03,6.547627598047256470e-02
5.467690429687500000e+03,6.562332808971405029e-02
5.468221191406250000e+03,6.577570736408233643e-02
5.468752441406250000e+03,6.593342870473861694e-02
5.469283203125000000e+03,6.609646975994110107e-02
5.469814453125000000e+03,6.626480817794799805e-02
5.470345703125000000e+03,6.643843650817871094e-02
5.470876953125000000e+03,6.661730259656906128e-02
5.471408203125000000e+03,6.680137664079666138e-02
5.471939453125000000e+03,6.699059903621673584e-02
5.472470703125000000e+03,6.718493998050689697e-02
5.473002441406250000e+03,6.738431751728057861e-02
5.473533691406250000e+03,6.758867204189300537e-02
5.474065429687500000e+03,6.779792159795761108e-02
5.474596679687500000e+03,6.801199167966842651e-02
5.475128417968750000e+03,6.823076307773590088e-02
5.475660156250000000e+03,6.845413893461227417e-02
5.476191894531250000e+03,6.868202984333038330e-02
5.476723632812500000e+03,6.891429424285888672e-02
5.477255371093750000e+03,6.915081292390823364e-02
5.477787597656250000e+03,6.939145922660827637e-02
5.478319335937500000e+03,6.963605433702468872e-02
5.478851562500000000e+03,6.988447904586791992e-02
5.479383300781250000e+03,7.013655453920364380e-02
5.479915527343750000e+03,7.039213925600051880e-02
5.480447753906250000e+03,7.065101712942123413e-02
5.480979980468750000e+03,7.091301679611206055e-02
5.481512207031250000e+03,7.117795199155807495e-02
5.482044433593750000e+03,7.144562155008316040e-02
5.482576660156250000e+03,7.171580940485000610e-02
5.483109375000000000e+03,7.198832184076309204e-02
5.483641601562500000e+03,7.226290553808212280e-02
5.484174316406250000e+03,7.253936678171157837e-02
5.484706542968750000e+03,7.281745225191116333e-02
5.485239257812500000e+03,7.309692353010177612e-02
5.485771972656250000e+03,7.337757200002670288e-02
5.486304687500000000e+03,7.365909218788146973e-02
5.486837402343750000e+03,7.394128292798995972e-02
5.487370605468750000e+03,7.422385364770889282e-02
5.487903320312500000e+03,7.450658082962036133e-02
5.488436035156250000e+03,7.478918135166168213e-02
5.488969238281250000e+03,7.507140934467315674e-02
5.489502441406250000e+03,7.535296678543090820e-02
5.490035156250000000e+03,7.563363015651702881e-02
5.490568359375000000e+03,7.591311633586883545e-02
5.491101562500000000e+03,7.619116455316543579e-02
5.491634765625000000e+03,7.646749913692474365e-02
5.492167968750000000e+03,7.674186676740646362e-02
5.492701660156250000e+03,7.701402157545089722e-02
5.493234863281250000e+03,7.728369534015655518e-02
5.493768066406250000e+03,7.755062729120254517e-02
5.494301757812500000e+03,7.781457155942916870e-02
5.494835449218750000e+03,7.807528972625732422e-02
5.495369140625000000e+03,7.833253592252731323e-02
5.495902832031250000e+03,7.858607172966003418e-02
5.496436523437500000e+03,7.883568108081817627e-02
5.496970214843750000e+03,7.908112555742263794e-02
5.497503906250000000e+03,7.932220399379730225e-02
5.498037597656250000e+03,7.955870777368545532e-02
5.498571777343750000e+03,7.979042828083038330e-02
5.499105468750000000e+03,8.001717180013656616e-02
5.499639648437500000e+03,8.023879677057266235e-02
5.500173828125000000e+03,8.045506477355957031e-02
5.500708007812500000e+03,8.066584914922714233e-02
5.501242187500000000e+03,8.087100088596343994e-02
5.501776367187500000e+03,8.107037097215652466e-02
5.502310546875000000e+03,8.126381039619445801e-02
5.502844726562500000e+03,8.145119994878768921e-02
5.503379394531250000e+03,8.163245022296905518e-02
5.503913574218750000e+03,8.180742710828781128e-02
5.504448242187500000e+03,8.197606354951858521e-02
5.504982421875000000e+03,8.213826268911361694e-02
5.505517089843750000e+03,8.229395747184753418e-02
5.506051757812500000e+03,8.244310319423675537e-02
5.506586425781250000e+03,8.258561789989471436e-02
5.507121093750000000e+03,8.272148668766021729e-02
5.507656250000000000e+03,8.285067230463027954e-02
5.508190917968750000e+03,8.297315239906311035e-02
5.508725585937500000e+03,8.308893442153930664e-02
5.509260742187500000e+03,8.319799602031707764e-02
5.509795898437500000e+03,8.330035209655761719e-02
5.510331054687500000e+03,8.339602500200271606e-02
5.510865722656250000e+03,8.348504453897476196e-02
5.511400878906250000e+03,8.356743305921554565e-02
5.511936523437500000e+03,8.364324271678924561e-02
5.512471679687500000e+03,8.371251076459884644e-02
5.513006835937500000e+03,8.377528935670852661e-02
5.513542480468750000e+03,8.383166790008544922e-02
5.514077636718750000e+03,8.388169109821319580e-02
5.514613281250000000e+03,8.392541855573654175e-02
5.515148437500000000e+03,8.396296203136444092e-02
5.515684082031250000e+03,8.399438858032226562e-02
5.516219726562500000e+03,8.401978760957717896e-02
5.516755371093750000e+03,8.403924107551574707e-02
5.517291015625000000e+03,8.405283838510513306e-02
5.517827148437500000e+03,8.406069129705429077e-02
5.518362792968750000e+03,8.406287431716918945e-02
5.518898925781250000e+03,8.405950665473937988e-02
5.519434570312500000e+03,8.405067771673202515e-02
5.519970703125000000e+03,8.403648436069488525e-02
5.520506835937500000e+03,8.401702344417572021e-02
5.521042968750000000e+03,8.399239182472229004e-02
5.521579101562500000e+03,8.396271616220474243e-02
5.522115234375000000e+03,8.392806351184844971e-02
5.522651367187500000e+03,8.388854563236236572e-02
5.523187500000000000e+03,8.384423702955245972e-02
5.523724121093750000e+03,8.379524946212768555e-02
5.524260253906250000e+03,8.374167233705520630e-02
5.524796875000000000e+03,8.368356525897979736e-02
5.525333496093750000e+03,8.362104743719100952e-02
5.525870117187500000e+03,8.355417102575302124e-02
5.526406738281250000e+03,8.348303288221359253e-02
5.526943359375000000e+03,8.340769261121749878e-02
5.527479980468750000e+03,8.332821726799011230e-02
5.528016601562500000e+03,8.324468880891799927e-02
5.528553710937500000e+03,8.315715193748474121e-02
5.529090332031250000e+03,8.306568115949630737e-02
5.529627441406250000e+03,8.297030627727508545e-02
5.530164550781250000e+03,8.287109434604644775e-02
5.530701171875000000e+03,8.276809006929397583e-02
5.531238281250000000e+03,8.266133069992065430e-02
5.531775390625000000e+03,8.255083858966827393e-02
5.532312988281250000e+03,8.243667334318161011e-02
5.532850097656250000e+03,8.231884241104125977e-02
5.533387207031250000e+03,8.219737559556961060e-02
5.533924804687500000e+03,8.207229524850845337e-02
5.534461914062500000e+03,8.194363862276077271e-02
5.534999511718750000e+03,8.181138336658477783e-02
5.535537109375000000e+03,8.167556673288345337e-02
5.536074707031250000e+03,8.153619617223739624e-02
5.536612304687500000e+03,8.139327168464660645e-02
5.537149902343750000e+03,8.124679327011108398e-02
5.537687500000000000e+03,8.109674602746963501e-02
5.538225097656250000e+03,8.094315975904464722e-02
5.538763183593750000e+03,8.078601956367492676e-02
5.539300781250000000e+03,8.062531054019927979e-02
5.539838867187500000e+03,8.046101778745651245e-02
